,nodos,número nodos adyacentes,pagerank,centralidad,comBPart
0,espald,1,0.00023352438819,0.0,0
1,santisim,2,0.000361289746623,0.0,1
2,ezequ,2,0.000391345139098,0.0,2
3,aun,17,0.000839196107286,0.000893552497279,1
4,abre,1,0.000180307925498,0.0,3
5,segund,6,0.000466686450386,0.000497490188824,4
6,abri,3,0.000180307925498,0.0,3
7,fuent,4,0.000400796620647,0.000141929125064,5
8,sirvient,1,0.000180307925498,0.0,1
9,hermon,1,0.000248839189106,0.0,6
10,jacob,20,0.00238998260096,0.00129047118257,0
11,viud,1,0.000475313648576,0.0,7
12,hanan,1,0.000180307925498,0.0,8
13,samari,1,0.000256146078228,0.0,0
14,pasur,1,0.000353968744135,0.0,8
15,horn,1,0.000180307925498,0.0,9
16,levadur,3,0.000391635918092,1.9629168709e-05,3
17,fuert,8,0.000976265724967,0.000215633255194,10
18,fuerz,2,0.000292331736869,5.9159010711e-06,7
19,asim,5,0.00037865216379,8.37470030913e-05,7
20,sacerdot,51,0.00236337314213,0.00801635365626,0
21,limpi,7,0.000966577880277,0.000637185377721,7
22,ruben,4,0.000397004981103,4.65092595071e-07,8
23,solemn,3,0.000405869786704,0.000123281369435,3
24,neg,1,0.000180307925498,0.0,5
25,vest,11,0.000962595791442,0.00323223340972,5
26,avergonz,1,0.000180307925498,0.0,11
27,ner,1,0.000353968744135,0.0,8
28,ceñ,1,0.000180307925498,0.0,12
29,med,5,0.00430383505354,0.0,1
30,mec,4,0.00042307466774,0.000466352079658,13
31,mensajer,3,0.000252101042667,0.0,0
32,met,4,0.000180307925498,0.0,10
33,cart,2,0.000380828780073,0.0,0
34,mes,24,0.00125428648883,0.00327053119087,4
35,pati,1,0.000180307925498,0.0,3
36,culp,1,0.000378828634839,0.0,13
37,interpret,3,0.000460982210952,0.000463318549388,1
38,escud,2,0.000180307925498,0.0,10
39,permit,1,0.00022335126142,0.0,0
40,carn,11,0.000935711218902,0.00115290075745,1
41,vasij,1,0.000180307925498,0.0,14
42,volunt,6,0.000509966573883,3.17276750063e-05,1
43,hamat,1,0.000237568779925,0.0,3
44,unic,1,0.000353968744135,0.0,8
45,jesucrist,4,0.000823981821798,0.000606116846862,4
46,tuvier,2,0.000211107148441,0.00042881610422,7
47,sarai,1,0.000180307925498,0.0,15
48,calz,1,0.000180307925498,0.0,10
49,faraon,13,0.00176908133394,0.000536849142296,0
50,joacim,4,0.000449713711089,1.26138662721e-05,2
51,music,3,0.000434576829859,0.00121949308361,2
52,puest,10,0.000417923967476,0.000492390733242,3
53,grieg,1,0.000384783417019,0.0,2
54,esdras,2,0.000243077189925,0.0,0
55,carmes,2,0.000754493725179,0.000923961398946,5
56,jamas,1,0.000210975538006,0.0,1
57,onic,1,0.000352322165693,0.0,5
58,faz,3,0.000180307925498,0.0,7
59,conf,1,0.000180307925498,0.0,1
60,repos,4,0.000529951284554,5.84511081004e-05,1
61,ambos,2,0.000406315185377,2.23248941712e-06,1
62,estatu,3,0.000407688946546,0.000493981462201,10
63,concib,1,0.000180307925498,0.0,1
64,enseñ,7,0.000230279109495,0.000129705940554,1
65,voy,2,0.000197824816088,8.44957840829e-07,8
66,intestin,1,0.0003449499327,0.0,5
67,far,1,0.000353968744135,0.0,8
68,gilbo,1,0.000248839189106,0.0,6
69,confin,1,0.000180307925498,0.0,7
70,manantial,1,0.000180307925498,0.0,3
71,hoz,1,0.000218642441133,0.0,10
72,hoy,11,0.000981056215964,0.000957002401511,0
73,lan,1,0.000180307925498,0.0,5
74,jeroham,1,0.000353968744135,0.0,8
75,lad,21,0.00127500574564,0.00165344951099,3
76,viñ,4,0.000426947772611,0.000429661062061,3
77,arca,8,0.000559084007834,9.28042425768e-05,1
78,palabr,55,0.00243738032696,0.00471177805529,0
79,lav,8,0.000562101944122,0.000793710731738,10
80,arco,1,0.000333645988036,0.0,16
81,orden,14,0.000922989507927,0.000849131280496,1
82,amorre,6,0.000783293578359,0.00139697654028,7
83,diecioch,2,0.000180307925498,0.0,5
84,principi,1,0.000180307925498,0.0,2
85,entes,1,0.000180307925498,0.0,16
86,zeb,1,0.000180307925498,0.0,17
87,fortalez,2,0.000400407076886,0.0,1
88,asiri,1,0.000391345139098,0.0,2
89,zer,1,0.000353968744135,0.0,8
90,ovej,12,0.00154777962287,0.00230046919185,5
91,cortin,5,0.000315743218703,0.00010864639348,3
92,fortalec,1,0.000180307925498,0.0,10
93,mayor,3,0.00274784201558,0.0,8
94,destru,11,0.000571242284159,0.000367615598048,7
95,fij,1,0.000180307925498,0.0,9
96,fin,5,0.00104756384929,0.00275786707892,5
97,enemig,10,0.00108802655628,0.000484754628663,10
98,fil,3,0.000336031199558,3.46872290232e-05,10
99,primogenit,6,0.000641573820697,3.3285010571e-05,8
100,sadoc,4,0.000416738008562,6.76083926412e-05,0
101,cubiert,1,0.000180307925498,0.0,10
102,parecier,2,0.000323005985443,0.0,1
103,bani,1,0.000353968744135,0.0,8
104,sodom,2,0.000391345139098,0.000429661062061,2
105,sidr,1,0.000260634942829,0.0,0
106,arroj,1,0.000180307925498,0.0,7
107,corrient,2,0.000359780601889,0.0,3
108,obedec,2,0.000205202634744,1.07966835217e-06,0
109,arroy,3,0.000288772809277,0.000429238583141,3
110,guarnicion,1,0.000180307925498,0.0,0
111,cilici,1,0.000180307925498,0.0,18
112,espad,17,0.00218632825577,0.00411134990306,10
113,sabidur,7,0.0004646942916,0.000874273677973,7
114,muert,42,0.00507750604138,0.00623611969931,10
115,jerobaal,1,0.000353968744135,0.0,8
116,decret,2,0.000429234795102,0.0,1
117,goz,5,0.000415175059392,1.42953834833e-05,15
118,maqu,2,0.000353968744135,0.0,8
119,entran,1,0.000180307925498,0.0,7
120,anduv,2,0.000299476235064,0.0,1
121,entrab,1,0.000180307925498,0.0,0
122,bienaventur,2,0.000180307925498,0.0,15
123,cay,1,0.000260462009632,0.0,4
124,entrad,7,0.000336432309462,0.00059482761825,3
125,ramot,1,0.000180307925498,0.0,2
126,entrar,7,0.000252113090713,1.71794298134e-05,2
127,desmay,1,0.000208161548987,0.0,15
128,hech,42,0.00263672665172,0.00240859480039,1
129,isa,9,0.00133754577371,0.000485384189032,0
130,saduce,1,0.000383309688565,0.0,0
131,zabulon,2,0.000397004981103,0.0,8
132,aflig,2,0.000180307925498,0.0,19
133,bendec,4,0.000299476235064,0.0,15
134,iniqu,6,0.00068022297912,2.41439639841e-05,13
135,servici,2,0.000180307925498,0.0,3
136,ofrend,24,0.00147077030787,0.00465502411342,13
137,tom,73,0.00376422922488,0.0193342117159,7
138,toc,5,0.000470763265963,0.000859322124123,10
139,tod,125,0.00816782528169,0.0281122626962,7
140,transgresion,1,0.000292331736869,0.0,7
141,dign,3,0.000299476235064,7.14335465134e-05,1
142,conserv,1,0.000180307925498,0.0,1
143,abrir,1,0.000180307925498,0.0,3
144,vinier,1,0.000211107148441,0.0,1
145,puebl,112,0.00736881758178,0.015337930886,0
146,trec,1,0.000180307925498,0.0,7
147,tres,21,0.000579756636286,0.00149880755271,5
148,este,5,0.000403939928132,2.89152253992e-05,1
149,rab,1,0.000180307925498,0.0,8
150,evangeli,5,0.000536846954194,0.0006302073397,10
151,palaci,2,0.00032090426506,1.60401726139e-05,9
152,vieron,1,0.00032811970848,0.0,9
153,jerem,8,0.000904048918231,9.00690593386e-06,0
154,alab,12,0.0007220462615,0.00040854028109,15
155,salteri,1,0.000180307925498,0.0,20
156,glorific,2,0.000281238767321,0.0,1
157,escrib,13,0.000908477720247,0.0011124859716,0
158,convirtier,1,0.000211107148441,0.0,1
159,sinagog,3,0.000375347074898,6.43978582974e-06,2
160,escrit,10,0.000622171717993,1.04682444652e-05,1
161,nuev,14,0.00108611305545,0.00199047833196,9
162,jefon,1,0.000353968744135,0.0,8
163,jebuse,1,0.000902732706474,0.0,7
164,ofir,1,0.000384784346577,0.0,5
165,corder,8,0.000681919487143,0.000154623337089,5
166,cronic,2,0.000273509050365,0.0,2
167,datan,1,0.000180307925498,0.0,21
168,don,2,0.000180307925498,0.0,1
169,flor,7,0.000704918394712,0.00128869070078,4
170,quebrant,4,0.000494215435473,8.46199150233e-06,15
171,camp,8,0.00087424778909,0.000898879953061,7
172,declar,3,0.000243077189925,0.000115587571205,7
173,dos,57,0.00282730095167,0.0196569754823,5
174,engendr,3,0.000475298164953,0.000170353079499,5
175,pris,2,0.000404613334807,0.0,1
176,sagr,1,0.000242499920034,0.0,1
177,cabez,13,0.00166333144107,0.00266947970587,7
178,restaur,2,0.000327081943144,0.0,3
179,siet,20,0.000722211338449,0.00242196024588,5
180,busc,10,0.000863424153059,0.00022870098898,15
181,alde,2,0.000382397417169,0.0,7
182,anill,4,0.000272648434625,0.000122644858911,5
183,sieg,1,0.000269163146867,0.0,7
184,olivar,1,0.000543657412767,0.0,3
185,di,7,0.000640857296713,0.00021125163677,15
186,ardor,1,0.000180307925498,0.0,4
187,de,1,0.000299476235064,0.0,1
188,da,10,0.000475237077583,0.000242507420033,1
189,bat,1,0.000180307925498,0.0,10
190,bas,7,0.000641008258361,0.000376399771897,5
191,epistol,2,0.00025167604808,6.08402056861e-06,4
192,sacrific,4,0.000299476235064,0.000163070450693,1
193,alzo,2,0.000180307925498,0.0,0
194,tiemp,23,0.00125229916313,0.00224977215897,7
195,lobul,1,0.000180307925498,0.0,3
196,saul,20,0.00198484407099,0.000188019915502,0
197,respond,30,0.00231166007346,0.00122563201576,0
198,habit,24,0.00168540972816,0.00298619461573,7
199,eleaz,6,0.000700539480124,0.00138365350521,8
200,padr,84,0.00711522760348,0.0109061483997,8
201,nub,3,0.000366990150775,0.000306948487361,5
202,mur,10,0.0006088598131,8.43273577807e-05,0
203,sabran,1,0.000180307925498,0.0,1
204,propi,10,0.000546331024357,0.000598626002393,15
205,mud,1,0.000180307925498,0.0,5
206,bien,28,0.0017113618159,0.0021925167324,1
207,ira,14,0.000992245695953,0.00105314221301,4
208,muj,34,0.0025053564314,0.00493428887217,15
209,men,2,0.000333645988036,0.000463036896774,7
210,ancho,1,0.000342558463721,0.0,5
211,azar,1,0.000180307925498,0.0,8
212,odres,1,0.000334339418591,0.0,9
213,eli,5,0.00055556354457,0.000430825256679,0
214,manases,6,0.00104480584137,0.000462191938933,8
215,toler,1,0.000180307925498,0.0,4
216,cop,2,0.000307405353403,0.0,7
217,cos,54,0.0021214975188,0.00593117154274,1
218,cor,2,0.000353968744135,0.0,8
219,braz,6,0.000805221782956,0.000153950726106,10
220,coc,1,0.00046410939706,0.0,14
221,cod,23,0.00152054326409,0.00265593460624,5
222,dentr,1,0.000180307925498,0.0,15
223,cumpl,9,0.000519594246114,0.000607916605361,0
224,coj,1,0.000459341083029,0.0,9
225,com,37,0.00341291359781,0.00539805636271,1
226,alborot,1,0.000180307925498,0.0,0
227,ela,1,0.000353968744135,0.0,8
228,quint,3,0.000269316509498,9.17873371695e-06,4
229,sombr,3,0.000421891426498,5.656185102e-05,10
230,quinc,1,0.000180307925498,0.0,5
231,lluvi,1,0.000180307925498,0.0,7
232,inmundici,1,0.000292331736869,0.0,7
233,sac,10,0.000492863178306,0.00049775781536,0
234,much,9,0.000255684208151,5.24474520504e-05,1
235,entonc,64,0.000744478082167,0.00226468731982,0
236,idol,4,0.000475378906494,2.40738219872e-06,7
237,veinticinc,4,0.000276052892452,0.00020823286059,5
238,alegr,4,0.000398936493334,0.00010194440367,15
239,lepr,2,0.000486984050575,0.0,22
240,maner,6,0.00043389365127,4.57103559244e-05,1
241,maldicion,1,0.000292331736869,0.0,7
242,mentir,5,0.000728216919684,0.000946837754504,15
243,volviereis,1,0.000211107148441,0.0,1
244,tomar,1,0.000180307925498,0.0,15
245,mader,5,0.000512659610862,0.00130363276287,5
246,cont,13,0.000450671252703,0.00279650007724,8
247,ir,4,0.000252113090713,1.87091759747e-06,0
248,estos,1,0.000180307925498,0.0,8
249,cant,9,0.00062966902424,0.00176528301215,15
250,exterior,1,0.000259501076457,0.0,3
251,jesu,2,0.000353968744135,0.0,8
252,madian,1,0.000391345139098,0.0,2
253,descend,8,0.000464029130659,0.00049185726755,9
254,antigu,1,0.000269163146867,0.0,7
255,honr,4,0.000390005813144,1.86196592074e-06,15
256,diecis,1,0.000180307925498,0.0,5
257,¿hast,1,0.000180307925498,0.0,7
258,jedutun,1,0.000353968744135,0.0,8
259,inteligent,1,0.000279051606008,0.0,7
260,algun,13,0.000454215749062,0.000146979750285,1
261,congreg,8,0.000666835708605,4.14988923931e-05,0
262,algui,1,0.000211107148441,0.0,1
263,dijeron,8,0.0013510157275,0.00186264749042,0
264,espiritu,25,0.00226397412003,0.00200552598966,1
265,carcel,2,0.000407042784928,0.0,3
266,just,6,0.000384956669042,4.5181898385e-05,15
267,vendr,2,0.000299476235064,6.61770822944e-05,1
268,sentenci,1,0.000180307925498,0.0,10
269,¿com,3,0.000180307925498,0.0,1
270,arpas,1,0.000333645988036,0.0,20
271,cerviz,2,0.000603095069435,0.0,15
272,hab,5,0.000269729746878,3.58143904042e-05,1
273,hac,80,0.00398905893756,0.0107721910192,1
274,had,1,0.000512520062098,0.0,10
275,hag,18,0.000786179738292,0.000396644092085,1
276,exalt,1,0.000281238767321,0.0,1
277,haz,1,0.000180307925498,0.0,1
278,har,30,0.000837925074828,0.00199721106379,0
279,descubr,2,0.000348325876427,0.00042881610422,8
280,hat,1,0.000180307925498,0.0,24
281,coron,1,0.000180307925498,0.0,15
282,preserv,1,0.000180307925498,0.0,1
283,arab,1,0.000296122300643,0.0,1
284,natan,1,0.000324115534271,0.0,0
285,apart,13,0.000830471929661,0.0001371493286,1
286,agrav,1,0.000180307925498,0.0,25
287,amon,1,0.000353968744135,0.0,8
288,agrad,4,0.000180307925498,0.0,9
289,amoz,1,0.000353968744135,0.0,8
290,amor,6,0.000306459479015,7.51480817364e-05,1
291,gedal,1,0.000180307925498,0.0,8
292,acab,8,0.000733483825515,0.000213368397227,15
293,repart,3,0.000180307925498,0.0,10
294,cualqui,2,0.000180307925498,0.0,15
295,borr,1,0.000180307925498,0.0,15
296,revel,1,0.000180307925498,0.0,26
297,abiert,4,0.000832287759112,0.000526651412315,9
298,acaz,1,0.000391345139098,0.0,2
299,cautiv,6,0.000469452301231,2.27687859241e-05,7
300,fos,1,0.000180307925498,0.0,3
301,frut,11,0.00085560646345,0.00150792751203,1
302,cedr,2,0.000325809461692,0.000429661062061,5
303,conced,1,0.000281238767321,0.0,1
304,jubil,1,0.000487788257839,0.0,1
305,confes,1,0.000180307925498,0.0,13
306,damasc,1,0.000638105349049,0.0,2
307,cort,4,0.000665244558559,0.000924393266287,7
308,artajerj,2,0.000391345139098,0.0,2
309,post,1,0.000210718153502,0.0,4
310,descendent,8,0.000406470892344,0.000168998612229,8
311,diner,2,0.000322208661279,8.44957840829e-07,27
312,orej,2,0.000333645988036,0.000463036896774,3
313,patern,1,0.000375745097033,0.0,15
314,contamin,3,0.000351143132771,7.5630418397e-05,7
315,adel,4,0.000443703939509,0.0,0
316,sob,1,0.000391345139098,0.0,2
317,presenci,9,0.000549129616838,3.93016137286e-05,0
318,sol,23,0.00106501437641,0.00240981337596,15
319,son,2,0.000180307925498,0.0,10
320,vuelt,2,0.000180307925498,0.0,3
321,vuelv,1,0.000180307925498,0.0,3
322,¿dond,1,0.000180307925498,0.0,1
323,cantid,1,0.000245564619429,0.0,7
324,cantic,4,0.000269558423347,0.000433609563464,15
325,ejercit,17,0.000841154586508,0.0022064419811,10
326,gosen,1,0.000351143132771,0.0,7
327,call,3,0.000459203914723,0.000462614417854,7
328,espaldill,1,0.000180307925498,0.0,3
329,solan,1,0.000515074544323,0.0,7
330,tiglat-piles,1,0.000180307925498,0.0,2
331,salvacion,4,0.000281238767321,0.0,1
332,roboam,2,0.000391345139098,0.0,2
333,ponedl,1,0.000180307925498,0.0,1
334,perec,1,0.000486380743398,0.0,15
335,trig,1,0.000180307925498,0.0,28
336,ben-ad,1,0.000180307925498,0.0,2
337,pensamient,3,0.000395276596763,6.68016400504e-07,1
338,adond,3,0.000676486610796,0.0,7
339,bord,1,0.000180307925498,0.0,3
340,obed-edom,1,0.000375745097033,0.0,15
341,tir,2,0.000391345139098,0.000429661062061,2
342,diez,11,0.000384784346577,0.00118701204545,5
343,edom,2,0.00056218034637,0.0,7
344,dier,2,0.00036444521098,0.0,1
345,ismael,2,0.000353968744135,0.0,8
346,mesulam,2,0.000353968744135,0.0,8
347,siguient,2,0.000264012020732,0.0,4
348,consig,2,0.000312145297024,0.0,7
349,publican,1,0.000180307925498,0.0,15
350,obras,15,0.00118783181664,0.00042467570438,1
351,¿no,10,0.000258482924641,0.000587367629385,1
352,eliaquim,1,0.000180307925498,0.0,8
353,foraster,1,0.000180307925498,0.0,7
354,levantat,4,0.000180307925498,0.0,15
355,sujet,1,0.000180307925498,0.0,1
356,roj,2,0.000723777663189,0.0,3
357,armas,2,0.000256976956767,0.000463036896774,6
358,segu,3,0.000180307925498,0.0,1
359,consum,5,0.000495786588023,0.000555803924899,9
360,rog,2,0.000180307925498,0.0,0
361,armad,1,0.000262048406732,0.0,15
362,menor,5,0.00297739188425,3.11578203806e-06,8
363,rop,1,0.000344320133864,0.0,5
364,primer,8,0.000650365987257,0.000118254747893,4
365,ose,1,0.000180307925498,0.0,8
366,besti,5,0.000623874086147,9.92707533188e-05,7
367,ver,4,0.000394559401468,4.38698893815e-05,10
368,ves,1,0.000194498194575,0.0,1
369,decim,7,0.000370996844893,0.00031636183121,4
370,vez,7,0.000682958430699,0.000110543521841,4
371,huyeron,1,0.000180307925498,0.0,0
372,jotam,1,0.000180307925498,0.0,8
373,vec,6,0.000414242067283,0.0,5
374,ven,25,0.00115379290182,0.00122376489236,0
375,sefat,2,0.000353968744135,0.0,8
376,division,1,0.000180307925498,0.0,5
377,yern,1,0.000180307925498,0.0,2
378,ochent,3,0.000273774590134,3.90490133027e-06,5
379,santific,1,0.000242499920034,0.0,1
380,hete,4,0.000520159150568,4.97104885356e-05,7
381,edad,1,0.000180307925498,0.0,5
382,dio,22,0.00125057785982,0.00288616698203,1
383,eden,1,0.000333645988036,0.0,45
384,dij,109,0.0101865585145,0.0189870330573,0
385,enoj,2,0.000299476235064,0.0,1
386,dig,6,0.000249989741206,0.000867631966699,0
387,dia,63,0.00364093199909,0.0100124634523,4
388,dic,63,0.00919570357559,0.00417421271037,0
389,pec,41,0.00355786350614,0.00440843074431,13
390,dir,4,0.000333600096368,5.57299399429e-07,0
391,pedr,9,0.000985336868117,0.000763452564768,0
392,sigl,4,0.00274223251789,0.0,15
393,coper,1,0.00020450922072,0.0,6
394,cost,1,0.000180307925498,0.0,3
395,arrastr,2,0.000254584254803,0.0,7
396,endech,1,0.000225693649001,0.0,0
397,simeon,3,0.000397004981103,0.0,8
398,corazon,45,0.00496305650934,0.00550502417087,15
399,jeric,1,0.000579499665605,0.0,3
400,ministr,4,0.000243077189925,3.72291148952e-05,1
401,hered,18,0.00126820527141,0.000442060092487,7
402,nazaren,1,0.000279655078398,0.0,0
403,estatut,10,0.000954485332929,0.0011708318606,1
404,oyeron,2,0.000180307925498,0.0,10
405,sueld,1,0.00024987820262,0.0,7
406,gener,6,0.00443615757439,0.0,1
407,libacion,4,0.000327263755984,1.01228713106e-05,13
408,purif,1,0.000359780601889,0.0,3
409,nazaret,1,0.000279655078398,0.0,0
410,engañ,2,0.000229946433892,2.81280326519e-06,15
411,mald,6,0.000617955884716,4.81262013657e-05,1
412,alto,3,0.000579220601336,0.0,6
413,hesbon,1,0.000391345139098,0.0,2
414,alta,1,0.000180307925498,0.0,0
415,extrem,4,0.00025114038428,0.000474563007157,9
416,boc,19,0.0009156900029,0.00274139268697,3
417,tempran,1,0.000180307925498,0.0,0
418,uzi,2,0.000353968744135,0.0,8
419,ciel,48,0.0046950036895,0.0076498934509,9
420,correccion,1,0.000209501959447,0.0,0
421,cieg,2,0.00032811970848,0.000429661062061,9
422,cabell,1,0.000180307925498,0.0,7
423,escritur,2,0.00025394305801,2.37747941488e-07,0
424,reedific,1,0.000180307925498,0.0,15
425,discut,1,0.000180307925498,0.0,0
426,perd,2,0.000794816767668,0.0,5
427,caball,5,0.00058800202807,0.000865956972552,6
428,ciudadan,1,0.000180307925498,0.0,29
429,pres,1,0.000333645988036,0.0,30
430,cayeron,1,0.000180307925498,0.0,10
431,altar,25,0.00268642757754,0.00624705126366,13
432,diestr,3,0.000251663757862,0.000449014280369,1
433,neftal,2,0.000397004981103,0.0,8
434,judi,6,0.000721303098695,0.00132051821989,2
435,uncion,2,0.000290905285714,5.19958179549e-06,13
436,cas,132,0.01033898397,0.022818116961,15
437,car,2,0.00110216681118,0.0,31
438,prepar,2,0.000180307925498,0.0,1
439,flu,2,0.000351143132771,5.96580204832e-05,7
440,cav,1,0.000180307925498,0.0,0
441,estaol,1,0.000333645988036,0.0,32
442,egipci,1,0.000338610747267,0.0,10
443,cam,3,0.000330856496631,0.000434827740986,15
444,amaras,1,0.000180307925498,0.0,15
445,cad,33,0.000929512369315,0.00370098564808,4
446,noch,15,0.00160094716982,0.00147402724043,0
447,terafin,1,0.000594572806084,0.0,33
448,nabucodonosor,3,0.000549647960867,0.0,10
449,chic,1,0.000180307925498,0.0,1
450,septim,6,0.000482762375783,5.03569315263e-05,4
451,aquel,22,0.00118608065242,0.00102680638907,1
452,varon,31,0.00174066193399,0.00376711276776,15
453,arbol,7,0.000439741795885,0.000459790953647,1
454,gigant,1,0.000333645988036,0.0,34
455,mas,41,0.000180307925498,0.0,0
456,mar,30,0.00290546410097,0.00355317805859,3
457,mat,11,0.000797507180658,0.00097800715553,10
458,sacrifici,12,0.00103694666195,0.00181543145834,13
459,mal,40,0.00228816600013,0.00203910737963,1
460,remal,1,0.000353968744135,0.0,8
461,man,94,0.00744222784476,0.0206901140968,10
462,natural,1,0.000180307925498,0.0,7
463,neci,2,0.000254850098774,0.0,3
464,predic,2,0.000279655078398,0.00021419681265,10
465,si,78,0.0021741730013,0.0118638194231,1
466,batall,2,0.000394825228059,0.0,4
467,se,1,0.000180307925498,0.0,1
468,gradual,1,0.000256728574616,0.0,15
469,mictam,1,0.000180307925498,0.0,0
470,coll,2,0.000248839189106,0.0,6
471,pequeñ,2,0.000364984291164,0.0,1
472,nombr,49,0.00361691794643,0.0058577588092,15
473,edific,11,0.000513108788437,0.00066066476736,0
474,piedr,14,0.00121234387523,0.00344562750093,5
475,uziel,1,0.000353968744135,0.0,8
476,torc,1,0.000669426609574,0.0,5
477,tort,2,0.000180307925498,0.0,3
478,establec,1,0.000180307925498,0.0,1
479,avis,4,0.000416120843702,0.000101103167994,1
480,torr,1,0.000228763352684,0.0,0
481,hor,8,0.000869911746487,0.000860167081963,7
482,recam,1,0.000279484050348,0.0,1
483,noe,2,0.000454899585958,0.0,1
484,recab,1,0.000353968744135,0.0,8
485,filiste,9,0.00123855574051,0.000573951502866,0
486,bernab,1,0.000303643246169,0.0,4
487,temer,1,0.000180307925498,0.0,1
488,hall,11,0.000605216739333,0.000681176598296,15
489,jonadab,1,0.000180307925498,0.0,8
490,terc,2,0.000180307925498,0.0,4
491,anunci,3,0.000279655078398,0.000217422821996,10
492,sidon,1,0.000513033166651,0.0,2
493,roci,3,0.000403620067317,2.96459676391e-05,7
494,veint,6,0.000420274495984,0.00030811346933,5
495,candeler,1,0.000180307925498,0.0,5
496,continu,2,0.000324805241107,0.0,13
497,rostr,13,0.00124542113894,0.00106127737469,10
498,todopoder,1,0.000281238767321,0.0,1
499,permanec,4,0.00043120629983,2.64049325259e-07,1
500,concienci,1,0.000242484434313,0.0,1
501,calde,3,0.000580994320796,0.0,10
502,cabri,3,0.000293091060458,0.000463219970973,5
503,costal,1,0.000251110146029,0.0,3
504,carr,5,0.000501680262749,0.000549468855856,6
505,llov,1,0.000214227262614,0.0,0
506,teñ,2,0.000314623994541,1.0096064218e-05,3
507,hiram,1,0.000180307925498,0.0,2
508,eufrat,1,0.000341216081201,0.0,3
509,oro,27,0.00287714589561,0.00974851682519,5
510,quinient,2,0.000269034915614,0.0,5
511,iban,2,0.000238942927168,1.13379393401e-05,1
512,rebel,1,0.000180307925498,0.0,1
513,simei,2,0.000353968744135,0.0,8
514,rein,46,0.00303784438378,0.00818196179545,2
515,card,1,0.000333645988036,0.0,35
516,care,1,0.000353968744135,0.0,8
517,recog,2,0.000180307925498,0.0,1
518,cañ,3,0.000498183428574,1.63222325891e-05,5
519,consumidor,1,0.000376618278457,0.0,9
520,prescrib,2,0.000266830832958,5.99892453987e-07,1
521,dijer,1,0.000211107148441,0.0,1
522,josu,12,0.00101039535943,0.000182809285452,0
523,yug,1,0.000333645988036,0.0,25
524,fe,7,0.00059329760204,0.0004910595434,1
525,dient,1,0.000425633230573,0.0,36
526,extranjer,6,0.000587416290657,0.00134040114849,7
527,derech,12,0.00131016751928,0.00156138020765,3
528,carner,16,0.00110540254122,0.00144883730036,5
529,zac,2,0.000353968744135,0.0,8
530,¡oh,2,0.000180307925498,0.0,1
531,tisbit,1,0.000416369441189,0.0,0
532,¿cuant,1,0.000180307925498,0.0,7
533,servidumbr,2,0.000509021993974,0.0,15
534,entrand,1,0.000180307925498,0.0,38
535,suert,2,0.00030808964428,0.0,10
536,especi,3,0.000373528228041,0.000288359937932,13
537,alas,2,0.000402615955133,0.0,10
538,hur,1,0.000353968744135,0.0,8
539,pech,1,0.000180307925498,0.0,13
540,huy,1,0.000180307925498,0.0,0
541,serv,6,0.000785024372501,0.000462191938933,1
542,aqu,57,0.000968111926016,0.004075678003,0
543,san,4,0.000485406483375,0.000446219151186,4
544,angel,15,0.000816356356774,0.000990396117706,0
545,sal,49,0.00234329933714,0.00911466458412,0
546,trescient,2,0.000269034915614,0.0,5
547,sab,30,0.00107661437264,0.00231907263729,1
548,delit,1,0.000233597964331,0.0,1
549,cuid,1,0.000281238767321,0.0,1
550,sar,2,0.000296088407711,1.80946617565e-06,8
551,rubenit,1,0.000180307925498,0.0,8
552,fertil,1,0.000552401247023,0.0,7
553,fiador,1,0.000246747618486,0.0,0
554,zor,1,0.000180307925498,0.0,32
555,cantor,1,0.000180307925498,0.0,37
556,implor,1,0.000180307925498,0.0,1
557,interior,1,0.000259501076457,0.0,3
558,pastor,2,0.000508295649079,0.0,5
559,remanent,3,0.000230081664339,4.5980170004e-06,0
560,joram,2,0.000276052892452,1.26138662721e-05,2
561,pais,2,0.000359067317244,3.16859190311e-07,7
562,miel,2,0.00080046475623,0.0,7
563,vasti,1,0.000276052892452,0.0,2
564,salm,6,0.000489657574735,7.1213738338e-05,8
565,dolor,2,0.000180307925498,0.0,15
566,abraham,11,0.000817711066918,0.000435098205865,8
567,salv,9,0.000660790555599,0.000216293873494,1
568,arnon,1,0.000303043355,0.0,3
569,tron,8,0.000858902792962,0.000562067106952,0
570,elam,1,0.000353968744135,0.0,8
571,zarcill,1,0.000180307925498,0.0,5
572,haci,17,0.00113821929171,0.000596270368774,3
573,duodecim,2,0.000269316509498,0.0,4
574,trop,1,0.000292331736869,0.0,7
575,convoc,1,0.000290362261787,0.0,1
576,bicri,1,0.000353968744135,0.0,8
577,favor,2,0.000333645988036,0.000463036896774,1
578,dich,17,0.00142449907012,0.000195272238926,0
579,testig,2,0.000211155802111,9.92990865239e-06,8
580,zipor,1,0.000353968744135,0.0,8
581,espos,1,0.000294991890754,0.0,0
582,mund,8,0.00110226794946,0.000939282023163,1
583,samuel,3,0.000375101455529,0.0,0
584,comenz,5,0.000573262577958,1.29838914368e-05,0
585,sanguinari,1,0.000262048406732,0.0,15
586,oyereis,1,0.000211107148441,0.0,1
587,asno,1,0.000290922627483,0.0,5
588,llor,5,0.000381741289781,0.00171864424825,36
589,desciend,1,0.000180307925498,0.0,8
590,vision,2,0.000292331736869,0.0,7
591,salomon,12,0.000969704212115,0.000209860578175,0
592,concert,1,0.000317467765519,0.0,1
593,gomorr,1,0.000513033166651,0.0,2
594,balaam,4,0.000364385835343,6.93405974899e-07,0
595,fortific,3,0.000440852530358,2.92775860826e-06,7
596,blasfem,2,0.000180307925498,0.0,15
597,voluntari,2,0.000343376069582,0.0,13
598,ningun,10,0.000438791657404,0.000680558435293,1
599,melquisedec,1,0.000311121132825,0.0,1
600,abomin,7,0.000940389191552,0.000479620739303,1
601,mant,1,0.000231420613011,0.0,3
602,asnos,1,0.000290922627483,0.0,5
603,region,2,0.000327204758032,0.0,7
604,quier,7,0.000268206342988,1.99217021036e-05,1
605,mont,30,0.00145063847331,0.00549964406915,6
606,mand,22,0.00133033235703,0.000349944143185,0
607,ademas,6,0.000562906544684,0.000180162600903,13
608,comet,3,0.000381995764391,0.000429238583141,13
609,consej,2,0.00024987820262,0.000429661062061,7
610,polv,1,0.000180307925498,0.0,7
611,poz,2,0.00043058282242,0.0,3
612,pestilent,1,0.000339417635185,0.0,10
613,color,1,0.000333645988036,0.0,39
614,pos,8,0.000597829803644,5.31371713807e-05,1
615,monton,1,0.000180307925498,0.0,40
616,pon,7,0.000262048406732,5.58148160964e-05,10
617,gadit,2,0.000333645988036,0.000463036896774,8
618,¡viv,1,0.000180307925498,0.0,2
619,pod,12,0.000993040727801,0.000773871954104,1
620,poc,2,0.000180307925498,0.0,1
621,tercer,3,0.000306309743805,1.31427783205e-05,4
622,josafat,5,0.00061388480671,0.0,0
623,oiras,1,0.000180307925498,0.0,9
624,andres,1,0.000180307925498,0.0,8
625,tierr,180,0.0142458499394,0.0483443879927,7
626,oiran,1,0.000180307925498,0.0,0
627,reconoc,1,0.000180307925498,0.0,7
628,buey,8,0.0006449033196,0.00130759203951,5
629,pobr,1,0.000180307925498,0.0,19
630,derrib,3,0.000180307925498,0.0,13
631,invoc,4,0.000641413312449,0.0,15
632,endurec,3,0.000681537767783,9.48958724026e-05,15
633,buen,20,0.000877832141397,0.00116678192828,1
634,plegari,1,0.000180307925498,0.0,0
635,vientr,2,0.000362336652122,2.84784400066e-06,8
636,hend,1,0.000333645988036,0.0,41
637,ofrec,16,0.000865559134571,0.00275764291223,13
638,veran,1,0.00032811970848,0.0,9
639,urdimbr,1,0.000180307925498,0.0,42
640,discipul,13,0.00197010441092,0.00263092278447,0
641,pas,38,0.00174185298727,0.0035232148852,0
642,pat,1,0.000201815975842,0.0,5
643,misericordi,16,0.00233890670001,0.00125559934878,1
644,paz,18,0.0011883845865,0.000785462610303,13
645,cuatr,11,0.000252440891502,0.00175790031665,5
646,pag,4,0.000217778049704,0.000859176273722,1
647,paj,2,0.000180307925498,0.0,6
648,suegr,1,0.000180307925498,0.0,0
649,licit,1,0.000333645988036,0.0,43
650,netan,1,0.000353968744135,0.0,8
651,oig,3,0.000394133511366,4.7648591068e-06,0
652,quien,8,0.000668581896665,0.00154054137487,1
653,arder,2,0.000214227262614,4.45679386204e-06,13
654,profund,4,0.000180307925498,0.0,9
655,oir,7,0.000534125519318,0.000584400291303,0
656,padec,1,0.000331033260634,0.0,10
657,conoc,24,0.00130186324153,0.000564975463061,1
658,fiest,6,0.000795337505761,0.000547456341546,3
659,ciud,43,0.00320828726382,0.00309091186103,7
660,panal,1,0.000180307925498,0.0,7
661,abund,3,0.000245564619429,2.82446410409e-05,7
662,rest,2,0.000180307925498,0.0,7
663,sueñ,1,0.000180307925498,0.0,1
664,rebañ,1,0.000180307925498,0.0,5
665,inmund,9,0.00117825403491,0.00112227441894,7
666,babiloni,7,0.000841792116969,0.000194555176986,7
667,jinet,1,0.000430729894859,0.0,6
668,ocasion,1,0.000180307925498,0.0,10
669,caeran,1,0.000180307925498,0.0,10
670,paran,1,0.000322274796883,0.0,3
671,instrument,1,0.000180307925498,0.0,2
672,purpur,3,0.000672647721279,0.000890585564233,5
673,asol,4,0.000441208813071,2.80979344483e-05,7
674,esforz,1,0.000304854101172,0.0,15
675,real,1,0.000375745097033,0.0,15
676,grit,1,0.000294991890754,0.0,0
677,ama,1,0.000180307925498,0.0,3
678,mor,28,0.00232033810453,0.00180675088141,1
679,alzad,1,0.000180307925498,0.0,10
680,dari,1,0.000391345139098,0.0,2
681,libr,21,0.00131566183476,0.00103954806044,2
682,moises,40,0.0025718524822,0.00183580894229,0
683,alzar,1,0.000180307925498,0.0,9
684,mod,1,0.000289713955028,0.0,1
685,rescat,1,0.000454391518259,0.0,27
686,ventan,1,0.000209300808389,0.0,9
687,clam,9,0.000525806662328,3.2729128759e-05,7
688,haras,3,0.000282728210535,8.01760281559e-06,7
689,bruñ,1,0.00111956971665,0.0,5
690,clas,1,0.000292331736869,0.0,7
691,joas,3,0.000353968744135,0.0,2
692,imagen,2,0.000180307925498,0.0,7
693,joab,4,0.000546944539401,0.0,0
694,cabr,1,0.000256976956767,0.0,0
695,echaron,2,0.000180307925498,0.0,10
696,confirm,1,0.000299476235064,0.0,1
697,redim,2,0.000299476235064,0.0,1
698,porter,1,0.000333645988036,0.0,37
699,tesor,5,0.000494913406598,8.97236379534e-06,9
700,compañ,2,0.000445669799407,0.0,7
701,tiend,4,0.000461559957675,0.0,3
702,¿a,2,0.000180307925498,0.0,1
703,asaf,2,0.000492749148986,0.0,8
704,olor,3,0.000424397656808,0.00042881610422,13
705,habl,68,0.00365582895673,0.00706462558986,0
706,devor,1,0.000490275859088,0.0,10
707,aca,1,0.0002503488434,0.0,0
708,oi,1,0.000180307925498,0.0,0
709,oh,33,0.00195420449209,0.0025087868168,7
710,og,2,0.000276052892452,0.0,2
711,zelofeh,1,0.000353968744135,0.0,8
712,moldur,2,0.000366990150775,2.71088138722e-05,5
713,rueg,7,0.000303753212896,0.000908413605958,0
714,sembr,1,0.000180307925498,0.0,7
715,tribu,21,0.000758456493224,0.000154105378598,8
716,jerusalen,40,0.00481007079137,0.00444085362871,7
717,het,1,0.000353968744135,0.0,8
718,her,2,0.000299476235064,5.25646421898e-06,10
719,sebn,2,0.000256976956767,3.36474283044e-06,15
720,lom,1,0.000333645988036,0.0,12
721,hel,1,0.000180307925498,0.0,0
722,hem,1,0.000180307925498,0.0,0
723,hen,1,0.000180307925498,0.0,0
724,jud,43,0.00324794611548,0.00475421606514,7
725,jur,8,0.000628614264105,0.000460662204977,8
726,pulg,1,0.000180307925498,0.0,10
727,vanid,1,0.000180307925498,0.0,9
728,celestial,1,0.000348325876427,0.0,8
729,huerfan,2,0.000346805698435,0.000429661062061,7
730,general,1,0.000180307925498,0.0,10
731,magdalen,2,0.000455018387618,0.0,3
732,ay,1,0.000232481291133,0.0,0
733,doncell,2,0.000284157452643,0.0,7
734,capitel,1,0.000180307925498,0.0,5
735,lueg,16,0.000612885315992,0.000144929316387,0
736,profet,27,0.00186092973499,0.00232845792778,0
737,espiritus,2,0.000227658487837,5.01349209987e-06,7
738,safan,2,0.000482696481541,0.0,0
739,alce,2,0.000180307925498,0.0,9
740,profec,2,0.000251739638407,0.0,1
741,agu,29,0.00252982246581,0.00455473847398,3
742,sepult,5,0.000435075275454,0.000429946344487,8
743,adar,1,0.000269316509498,0.0,4
744,jeroboam,4,0.000577432935926,6.97286546338e-06,13
745,repar,1,0.000180307925498,0.0,15
746,dist,2,0.000351143132771,1.04483757415e-05,8
747,abiu,2,0.000333645988036,0.000463036896774,8
748,ciudad,21,0.001164692056,0.00180162956633,7
749,confund,1,0.000333645988036,0.0,11
750,abib,1,0.000269316509498,0.0,4
751,refaim,1,0.000304191512929,0.0,8
752,eliab,1,0.000180307925498,0.0,8
753,nort,6,0.000851265312295,2.14858427219e-05,3
754,nabuzaradan,1,0.000180307925498,0.0,6
755,humill,1,0.000180307925498,0.0,0
756,aaron,16,0.00111467606206,0.00145467751181,0
757,ramer,1,0.000332460810386,0.0,15
758,celebr,2,0.000180307925498,0.0,3
759,fals,4,0.000466894905579,0.000463813165655,8
760,soled,1,0.000322274796883,0.0,3
761,falt,2,0.000180307925498,0.0,15
762,verd,9,0.00140217713437,0.0,1
763,fam,1,0.000180307925498,0.0,7
764,cimient,1,0.000180307925498,0.0,15
765,sant,20,0.00129436037047,0.00116912023981,1
766,alma,11,0.00136518333143,0.00164376355266,3
767,--,4,0.00025167604808,0.0,4
768,edifiqu,1,0.000180307925498,0.0,15
769,grosur,6,0.000607957369048,0.00137253327045,13
770,acerc,11,0.000919169813929,0.000978373714883,0
771,anac,1,0.000353968744135,0.0,8
772,angul,1,0.000652160940912,0.0,7
773,efod,3,0.000486984050575,8.44957840829e-07,33
774,tem,9,0.000262048406732,0.000880138034682,15
775,ten,2,0.000293003049539,1.1465608479e-06,1
776,sadrac,1,0.000180307925498,0.0,44
777,andand,1,0.000180307925498,0.0,1
778,espin,1,0.000180307925498,0.0,35
779,sub,28,0.00101041468307,0.00115916372322,0
780,abi,1,0.000180307925498,0.0,8
781,sum,1,0.000180307925498,0.0,0
782,espig,3,0.000375159977888,0.0,5
783,sus,1,0.000180307925498,0.0,2
784,sur,4,0.00130276597811,0.0,3
785,dias,44,0.00278343301084,0.00659324005798,5
786,riñon,2,0.00025114038428,3.25751536034e-05,13
787,vall,3,0.000291343030673,0.000429238583141,8
788,vet,2,0.000218642441133,4.7221568163e-06,15
789,compañer,1,0.000210718153502,0.0,4
790,procur,1,0.000180307925498,0.0,10
791,concubin,1,0.000358240075389,0.0,7
792,tortol,2,0.00025114038428,0.0,5
793,llam,30,0.00171832584574,0.000667377212816,0
794,espaci,2,0.000299097752086,8.35396707141e-06,9
795,llag,1,0.000180307925498,0.0,22
796,enferm,1,0.000386496599964,0.0,4
797,persi,1,0.000391345139098,0.0,2
798,ana,1,0.000353968744135,0.0,8
799,izquierd,2,0.000617299735733,0.0,3
800,posesion,4,0.000420713409893,0.0,7
801,vid,25,0.0026940285676,0.00199768159568,1
802,siti,1,0.000180307925498,0.0,7
803,vin,60,0.00321067135999,0.00824049524152,0
804,vio,5,0.000456459744271,3.16375905833e-05,9
805,suced,2,0.000242499920034,7.37991499445e-06,1
806,viv,24,0.00215134276168,0.0038228459697,1
807,famili,14,0.00142244446574,0.00158097125886,8
808,eunuc,2,0.00020450922072,5.48909477885e-06,6
809,santif,1,0.000299476235064,0.0,1
810,acontec,11,0.000280809053902,0.000910334467543,1
811,rect,9,0.000589529175656,8.31219284839e-05,1
812,furor,5,0.000484295201569,0.0,4
813,cornis,1,0.000180307925498,0.0,5
814,israel,123,0.00677751998822,0.0242411301685,0
815,itam,2,0.000378962804627,0.0,8
816,josadac,1,0.000353968744135,0.0,8
817,dios,254,0.0162640137104,0.056941846982,1
818,avecill,1,0.000180307925498,0.0,1
819,salvador,2,0.000281238767321,2.33027012798e-05,4
820,guardi,2,0.000275459588611,0.0,6
821,des,1,0.00022335126142,0.0,0
822,dej,17,0.000759964214301,0.0015882176218,0
823,deb,3,0.000180307925498,0.0,1
824,dec,14,0.00173412101957,0.000587135368354,0
825,abram,1,0.000332460810386,0.0,15
826,bosqu,1,0.000180307925498,0.0,5
827,despoj,1,0.000231420613011,0.0,10
828,atend,1,0.000180307925498,0.0,0
829,aliment,1,0.000322208661279,0.0,27
830,abner,1,0.000180307925498,0.0,8
831,azul,2,0.000384784346577,2.72426100927e-05,5
832,ave,2,0.000292331736869,5.6471171238e-06,9
833,pong,4,0.000197824816088,1.00477716927e-06,0
834,atent,1,0.000180307925498,0.0,0
835,pelete,1,0.000333645988036,0.0,46
836,divid,1,0.000180307925498,0.0,1
837,oyo,5,0.000299476235064,1.05145398394e-05,0
838,sierv,53,0.00352119313696,0.00219932120411,0
839,oye,7,0.000380367702054,0.000109805815876,0
840,is-boset,1,0.000180307925498,0.0,8
841,plant,4,0.000180307925498,0.0,3
842,pondran,1,0.000180307925498,0.0,10
843,viend,1,0.000180307925498,0.0,0
844,seman,2,0.00031136258307,0.0,4
845,vient,4,0.000393488554015,0.000430083540982,7
846,ofrezc,1,0.000180307925498,0.0,13
847,fundacion,1,0.000180307925498,0.0,1
848,altisim,1,0.000281238767321,0.0,1
849,coat,3,0.000655065886401,0.000462191938933,8
850,derrot,2,0.000368841202269,0.0,0
851,caus,16,0.00139682068162,0.00167948879985,7
852,afliccion,4,0.000451494092297,0.000464357354389,9
853,esquin,1,0.000201815975842,0.0,5
854,bendij,2,0.000180307925498,0.0,4
855,pens,1,0.000180307925498,0.0,1
856,alla,1,0.000221496623463,0.0,7
857,baas,1,0.000180307925498,0.0,2
858,alli,30,0.00142892909114,0.0026430124606,0
859,baal,4,0.000952558729041,0.0,1
860,cincuent,16,0.00076072632814,0.00356397053154,5
861,cuart,4,0.000180307925498,0.0,4
862,van,2,0.000348320570692,0.0,10
863,isaac,7,0.000570680068171,2.46446036908e-07,8
864,bendit,3,0.000180307925498,0.0,7
865,ungid,2,0.000180307925498,0.0,2
866,prodigi,1,0.000309478803356,0.0,7
867,almendr,1,0.000480436116116,0.0,4
868,dil,1,0.000256146078228,0.0,0
869,ceb,1,0.000333645988036,0.0,28
870,cen,1,0.000180307925498,0.0,0
871,cel,2,0.000256976956767,0.00012357285335,4
872,ces,2,0.000367565325152,0.0,0
873,zalmun,1,0.000333645988036,0.0,17
874,cercan,1,0.000333645988036,0.0,47
875,pan,21,0.00158198953437,0.00337212609062,3
876,oracion,6,0.000435602426994,0.00173322053514,0
877,fereze,4,0.000786220220617,0.000859322124123,7
878,postr,5,0.000180307925498,0.0,10
879,temanit,1,0.000333645988036,0.0,23
880,orient,5,0.000580541322767,1.90341950495e-05,3
881,reverent,1,0.000258482924641,0.0,0
882,cachorr,1,0.000180307925498,0.0,3
883,resbal,1,0.00122172929075,0.0,10
884,siniestr,1,0.000287305321668,0.0,1
885,hilc,2,0.000416738008562,0.0,8
886,benjamin,6,0.000846736177601,0.000472460343226,8
887,hipocrit,1,0.000383309688565,0.0,0
888,oid,21,0.000881440434348,0.00127856378656,0
889,manch,1,0.000180307925498,0.0,3
890,labi,1,0.000180307925498,0.0,0
891,labr,3,0.000352322165693,0.000705209266998,7
892,asa,3,0.000487090106052,0.0,2
893,obra,21,0.00116645737364,0.00210426500238,1
894,asi,56,0.00433806729929,0.00378915436138,0
895,acord,3,0.000191023545684,2.7436952361e-06,1
896,pur,1,0.000384784346577,0.0,5
897,pus,26,0.00138123664059,0.00245902585987,3
898,redentor,1,0.000299476235064,0.0,1
899,nabat,2,0.000353968744135,2.9923748456e-05,8
900,inciens,9,0.000970268093829,0.000698379046424,13
901,mism,27,0.00192907286284,0.00408998309311,1
902,hebron,2,0.000504040263139,0.0,2
903,dond,7,0.000591912865396,0.000920277368125,1
904,ceniz,1,0.000333645988036,0.0,18
905,blanc,3,0.000531750545246,0.0,3
906,joacaz,2,0.000353968744135,0.0,8
907,hebre,1,0.000281238767321,0.0,1
908,multiplic,2,0.000180307925498,0.0,8
909,moab,4,0.000934273667895,0.000987809094423,7
910,esau,4,0.000506121629023,0.0,15
911,jef,10,0.000256146078228,0.00214745018312,6
912,aves,3,0.000515678855002,1.30758177854e-05,1
913,hambrient,1,0.000314966886823,0.0,3
914,palomin,1,0.00025114038428,0.0,5
915,ancian,13,0.000999038100303,0.00165037593672,0
916,verdader,2,0.000669465742742,0.0,1
917,enrej,1,0.000180307925498,0.0,5
918,segun,24,0.0014298681238,0.00206046259369,1
919,graci,12,0.000788752045053,0.00115621509442,1
920,basan,2,0.000743375635765,0.0,2
921,part,20,0.0010363029414,0.00344608410614,4
922,prend,3,0.00024987820262,8.34027744544e-06,9
923,consult,2,0.000180307925498,0.0,1
924,acamp,4,0.000256146078228,2.5735645191e-06,3
925,lament,1,0.000288493212935,0.0,36
926,reun,6,0.000389426072873,1.29618240913e-05,0
927,aunqu,1,0.000299476235064,0.0,1
928,dand,1,0.000180307925498,0.0,1
929,bendicion,2,0.000180307925498,0.0,1
930,hallar,1,0.000211107148441,0.0,1
931,agrip,1,0.000391345139098,0.0,2
932,defect,2,0.000440625812848,0.0,4
933,gall,2,0.000269558423347,0.0,15
934,dedic,2,0.000180307925498,0.0,13
935,juici,9,0.000826876625356,7.0324081593e-05,1
936,sell,1,0.000269034915614,0.0,5
937,lig,1,0.000180307925498,0.0,3
938,lin,5,0.00114220118524,0.00231358304982,5
939,veinticuatr,3,0.000333645988036,0.000463036896774,5
940,efa,4,0.000339481688986,3.0007227134e-05,4
941,plaz,1,0.000180307925498,0.0,7
942,hombrer,1,0.000180307925498,0.0,33
943,pregunt,3,0.000191023545684,1.6459183945e-06,0
944,aman,2,0.000391345139098,4.11525830336e-05,2
945,provinci,5,0.000382111726917,2.21107869901e-05,7
946,plat,15,0.00214406958602,0.00345945699373,5
947,compr,3,0.000333645988036,1.26743676124e-06,27
948,amas,4,0.000589523050553,0.000925781308142,2
949,plac,2,0.000211107148441,0.0,1
950,cuant,12,0.000292827694984,0.000507575597011,0
951,plag,1,0.000180307925498,0.0,22
952,mach,3,0.00026463053119,0.00043560840242,5
953,acaci,2,0.000325809461692,0.000106003888655,5
954,segur,1,0.00029058188707,0.0,7
955,jordan,8,0.000752115409811,0.000245696883008,3
956,mortand,1,0.000245564619429,0.0,7
957,gaba,1,0.000180307925498,0.0,8
958,rebeld,2,0.000375745097033,0.00042881610422,15
959,ojo,1,0.000256976956767,0.0,6
960,queb,1,0.000341216081201,0.0,3
961,justici,10,0.00105962258491,0.00030685681143,1
962,qued,11,0.000468371070533,0.000502970069512,15
963,laz,1,0.000252440891502,0.0,5
964,ruin,1,0.000333645988036,0.0,40
965,quem,7,0.000466046958161,0.000359054706766,13
966,escond,2,0.000211053508497,9.35410507256e-07,10
967,quer,1,0.000211107148441,0.0,1
968,hir,4,0.000299476235064,0.000118135592663,10
969,salum,2,0.000353968744135,0.0,8
970,hiz,47,0.00266784172711,0.0050553367745,0
971,capital,2,0.000333645988036,0.000463036896774,2
972,¿has,1,0.000180307925498,0.0,9
973,hic,21,0.000971541885534,0.00042252297706,1
974,hig,1,0.000352730997901,0.0,13
975,hij,351,0.0322624192138,0.106998344256,8
976,banquet,2,0.000591208165794,0.0,2
977,hin,2,0.000260462009632,2.29458935947e-05,13
978,barzilai,1,0.000353968744135,0.0,8
979,zorobabel,1,0.000180307925498,0.0,8
980,nacion,21,0.00146494240527,0.000462886116415,7
981,cre,3,0.000372915935534,8.52623081186e-06,1
982,johanan,1,0.000180307925498,0.0,8
983,cri,4,0.000490185906214,8.40201994034e-07,0
984,hinom,1,0.000353968744135,0.0,8
985,barr,2,0.000333645988036,4.22478920414e-07,14
986,ser,23,0.00113218402235,0.00217738994703,1
987,sep,1,0.000180307925498,0.0,1
988,seg,1,0.000351143132771,0.0,7
989,barc,1,0.000333645988036,0.0,38
990,sed,1,0.000339417635185,0.0,10
991,berequ,2,0.000353968744135,0.0,8
992,seb,1,0.000180307925498,0.0,8
993,sem,3,0.000353968744135,0.000857632208441,15
994,debaj,14,0.000818493924723,0.00292538926503,5
995,demoni,1,0.000333645988036,0.0,48
996,aborrec,2,0.000299476235064,0.0,7
997,profetiz,5,0.000405856015505,3.4336441155e-05,15
998,atri,6,0.000372225943442,0.000910507868136,3
999,farise,7,0.000715759702429,0.00132454641618,0
1000,morador,7,0.000630324325443,0.000442057393238,7
1001,ahor,26,0.000624853657255,0.00078371387926,0
1002,ebal,1,0.000248839189106,0.0,6
1003,roman,1,0.000333645988036,0.0,29
1004,abisai,2,0.000180307925498,0.0,8
1005,incensari,1,0.000210718153502,0.0,4
1006,camin,43,0.00286152962008,0.00496773258289,1
1007,leon,4,0.000711124333644,0.0,3
1008,mandamient,12,0.00071242477889,0.00104319226698,1
1009,ejid,2,0.000270373605798,0.0,7
1010,andad,3,0.000296122300643,0.0,1
1011,provoc,2,0.000180307925498,0.0,4
1012,territori,1,0.000180307925498,0.0,0
1013,perpetu,3,0.000479871727663,4.54801910833e-06,1
1014,dur,3,0.000313587920144,0.000344432454852,15
1015,iddo,1,0.000353968744135,0.0,8
1016,gentil,1,0.000384783417019,0.0,2
1017,caleb,1,0.000180307925498,0.0,8
1018,imag,2,0.000180307925498,0.0,8
1019,cerd,1,0.000333645988036,0.0,24
1020,fund,2,0.000256976956767,0.000462614417854,7
1021,gal,6,0.000827687392667,0.00100549293639,2
1022,demand,1,0.000180307925498,0.0,7
1023,mayordom,2,0.000180307925498,0.0,15
1024,gad,4,0.000397004981103,6.26742521698e-05,8
1025,pact,17,0.00112890591977,0.00201079997849,1
1026,beerseb,1,0.000349123175472,0.0,8
1027,holocaust,16,0.00135799769339,0.00163950955313,13
1028,parient,1,0.000180307925498,0.0,47
1029,eliasaf,1,0.000180307925498,0.0,8
1030,voc,8,0.000722835114417,0.00091912502414,1
1031,rit,1,0.000235537046921,0.0,1
1032,piel,7,0.000516883389543,0.000956973509067,10
1033,vot,2,0.000242041020779,0.000142277821741,1
1034,rio,6,0.000567001200537,0.00087495563556,3
1035,ahicam,2,0.000353968744135,0.0,8
1036,ric,1,0.000262048406732,0.0,15
1037,voz,27,0.00175279192944,0.00492832388657,0
1038,octav,1,0.000180307925498,0.0,4
1039,grand,24,0.00217079505008,0.00426386360644,1
1040,ester,2,0.000276052892452,4.5225396035e-06,2
1041,laban,1,0.000364385835343,0.0,0
1042,salatiel,1,0.000353968744135,0.0,8
1043,caer,2,0.000333645988036,0.000463036896774,10
1044,sarvi,1,0.000353968744135,0.0,8
1045,parentel,1,0.000351143132771,0.0,7
1046,azufr,1,0.000376618278457,0.0,9
1047,guerr,6,0.000819125320119,0.00138469132186,6
1048,juventud,1,0.000319736133521,0.0,5
1049,hage,1,0.000324115534271,0.0,0
1050,eleg,1,0.000350786850058,0.0,7
1051,entro,3,0.000180307925498,0.0,0
1052,person,5,0.000570243930021,0.000891017431574,7
1053,belen,1,0.000180307925498,0.0,7
1054,elev,1,0.000269736605202,0.0,13
1055,jehov,326,0.0234010915389,0.105755188268,1
1056,altur,2,0.000342558463721,4.83386254351e-05,5
1057,aminadab,1,0.000353968744135,0.0,8
1058,cien,5,0.000269034915614,0.0,5
1059,mandat,2,0.000499824269655,0.000462191938933,15
1060,cuy,9,0.000496934950887,0.000186815382492,15
1061,hues,1,0.000180307925498,0.0,1
1062,treint,15,0.00083286283759,0.00253941395354,5
1063,hombr,128,0.0064386730259,0.0256433881855,15
1064,desnudez,3,0.000476275203126,0.000462191938933,8
1065,delanter,1,0.000260462009632,0.0,4
1066,mujer,11,0.000836535401815,0.000827004727977,7
1067,iscariot,1,0.000305865852185,0.0,7
1068,amarg,1,0.000288493212935,0.0,36
1069,hiler,3,0.000281988260893,5.20315171509e-05,5
1070,pondr,4,0.000180307925498,0.0,10
1071,tiniebl,3,0.000477793596654,0.0004283936253,10
1072,fluj,2,0.000359794731924,0.000462191938933,7
1073,abiat,2,0.000420313978396,0.0,0
1074,manifest,1,0.000260554292591,0.0,1
1075,princip,20,0.000907964841219,0.000321099246747,0
1076,herenci,2,0.000217778049704,0.0,1
1077,sirv,5,0.000533687071532,9.90591737002e-05,1
1078,amad,4,0.000741946147828,1.08451739392e-06,8
1079,aquell,22,0.000656186923594,0.00081163551668,7
1080,palm,2,0.000180307925498,0.0,8
1081,esparc,4,0.000180307925498,0.0,7
1082,adivin,2,0.000333645988036,0.000463036896774,15
1083,medi,35,0.00234983931505,0.00520204422484,8
1084,frondos,1,0.000255137926195,0.0,1
1085,pes,3,0.000266469183062,0.00042881610422,5
1086,pel,2,0.000180307925498,0.0,0
1087,larg,2,0.000342558463721,4.45731057998e-05,7
1088,pek,1,0.000180307925498,0.0,8
1089,ojos,31,0.00243203601154,0.00496825775634,9
1090,hicier,2,0.000330275458007,0.0,1
1091,anchur,3,0.000453593568896,5.31218260199e-05,5
1092,consagr,4,0.000376815989077,0.000305438248352,5
1093,palmer,1,0.000394207166191,0.0,5
1094,rug,1,0.000180307925498,0.0,3
1095,jezreel,1,0.000333645988036,0.0,49
1096,tocar,2,0.000256976956767,8.50505543824e-07,7
1097,ajen,3,0.000452073974593,1.48409014886e-05,1
1098,años,30,0.00210643686584,0.00273903885359,5
1099,elifaz,1,0.000180307925498,0.0,23
1100,memori,2,0.000255684208151,1.5010278288e-06,15
1101,silenci,1,0.000221060105867,0.0,1
1102,hasab,1,0.000180307925498,0.0,8
1103,señal,7,0.000607177575072,0.000959129396569,7
1104,sesent,3,0.000180307925498,0.0,5
1105,podras,1,0.000180307925498,0.0,1
1106,direccion,1,0.000218642441133,0.0,10
1107,lengu,3,0.00037123418955,1.90031778956e-06,7
1108,pared,1,0.000180307925498,0.0,15
1109,parec,4,0.000287473926333,1.86462260318e-06,1
1110,dieron,4,0.000180307925498,0.0,1
1111,occident,3,0.000614389539564,0.0,3
1112,atras,4,0.000551627406085,0.0,3
1113,pabl,7,0.000581290129995,0.00149666186712,4
1114,poder,4,0.000338610747267,2.35094494405e-05,10
1115,arrebat,1,0.000180307925498,0.0,30
1116,¿por,7,0.000216989542255,0.000429935083642,1
1117,veintidos,2,0.000180307925498,0.0,5
1118,omri,1,0.000353968744135,0.0,8
1119,cis,1,0.000353968744135,0.0,8
1120,cir,2,0.000391345139098,0.0,2
1121,doc,7,0.000464435802046,0.00051719834488,5
1122,impi,8,0.000719822912113,0.000448565427967,15
1123,¿qu,14,0.000216989542255,0.00129933124301,1
1124,cuatrocient,4,0.000269034915614,0.00013327547867,5
1125,millar,3,0.00020450922072,3.56644113312e-06,6
1126,tabernacul,14,0.00155201076272,0.00118122728318,3
1127,echo,1,0.000180307925498,0.0,48
1128,nac,7,0.000437672839369,0.000118242981463,15
1129,parabol,4,0.000433956112466,1.12280512056e-06,0
1130,invalid,1,0.000180307925498,0.0,1
1131,tard,2,0.000427575112152,0.0,0
1132,setent,7,0.000546615749904,0.000633660757056,5
1133,doy,2,0.000180307925498,0.0,1
1134,nav,1,0.000180307925498,0.0,50
1135,temor,3,0.000245564619429,3.15524578329e-05,7
1136,heve,2,0.000849225003282,0.000430083540982,7
1137,beor,1,0.000353968744135,0.0,8
1138,aser,4,0.000550343043641,0.0,8
1139,año,22,0.00147894521084,0.00250761017859,4
1140,longitud,2,0.000342558463721,8.94718111237e-05,5
1141,nacimient,1,0.000180307925498,0.0,15
1142,apostol,6,0.000726894781804,0.000479979595962,4
1143,¿par,1,0.000180307925498,0.0,1
1144,huert,1,0.000180307925498,0.0,45
1145,doscient,3,0.000269034915614,0.00010392121661,5
1146,elcan,2,0.000353968744135,0.0,8
1147,¿y,3,0.000180307925498,0.0,1
1148,lanz,3,0.000566944890357,8.47292028611e-05,10
1149,pervers,1,0.000262048406732,0.0,15
1150,enseñam,1,0.000180307925498,0.0,1
1151,valient,4,0.000292896283344,0.000433223945982,15
1152,prim,2,0.000180307925498,0.0,4
1153,confi,3,0.000400407076886,0.0,1
1154,nunc,5,0.000180307925498,0.0,1
1155,cerete,1,0.000180307925498,0.0,46
1156,simon,3,0.000559823006878,4.36454203773e-05,0
1157,pascu,5,0.000641883921447,0.000752212767196,1
1158,sent,10,0.000587500567655,0.00121424104425,0
1159,embaj,1,0.000252101042667,0.0,0
1160,jafet,1,0.000320959035284,0.0,15
1161,maas,2,0.000353968744135,0.0,8
1162,maac,2,0.000353968744135,0.0,8
1163,hamor,1,0.000180307925498,0.0,8
1164,hojaldr,1,0.000290905285714,0.0,13
1165,tra,9,0.000352692697756,2.52055239295e-05,1
1166,joel,1,0.000180307925498,0.0,8
1167,inclin,7,0.000256976956767,6.02187729074e-05,10
1168,recib,14,0.000343422492135,0.000641997638557,0
1169,iba,2,0.000180307925498,0.0,1
1170,trajeron,1,0.000180307925498,0.0,2
1171,anduvier,1,0.000211107148441,0.0,1
1172,cualqu,2,0.000180307925498,0.0,7
1173,ocho,3,0.000251319825348,6.25846319568e-06,5
1174,extiend,1,0.000180307925498,0.0,10
1175,ahitofel,1,0.000392761232033,0.0,7
1176,jude,1,0.000292331736869,0.0,7
1177,reunion,3,0.000510605376911,1.50755224553e-05,3
1178,elise,3,0.000364385835343,0.0,8
1179,hierr,2,0.00111956971665,0.0,5
1180,profan,2,0.000180307925498,0.0,1
1181,¿o,2,0.000180307925498,0.0,1
1182,maravill,3,0.000421502614726,1.02977806397e-05,7
1183,capitan,5,0.000333645988036,0.000463036896774,6
1184,hierb,4,0.000292331736869,3.44098546069e-05,7
1185,vigili,1,0.000180307925498,0.0,0
1186,lea,1,0.000353968744135,0.0,8
1187,conmig,3,0.000445997870623,0.0,0
1188,bautism,1,0.000180307925498,0.0,0
1189,sext,1,0.000550163153831,0.0,7
1190,lev,3,0.00073463548105,0.0,8
1191,bautist,1,0.000696479509383,0.0,0
1192,ley,22,0.00188249437878,0.00202528801916,1
1193,sina,2,0.00039080606049,0.0,3
1194,satanas,1,0.000299476235064,0.0,1
1195,talent,6,0.000481477108329,0.000337725364022,5
1196,cerc,2,0.000221496623463,0.0,7
1197,mical,1,0.000180307925498,0.0,8
1198,sangr,20,0.00209824564138,0.00314156628184,7
1199,gent,5,0.0004619791812,0.000207116115308,6
1200,aromat,2,0.000704597759827,0.0,13
1201,oficial,1,0.000180307925498,0.0,0
1202,cerr,2,0.000282541252465,0.0,3
1203,opinion,1,0.000257736710767,0.0,15
1204,angusti,4,0.000584059363037,0.0,7
1205,revoc,2,0.000218642441133,4.22478920414e-07,4
1206,ahimelec,1,0.000180307925498,0.0,8
1207,castig,6,0.000828844419589,0.0,4
1208,siri,3,0.00053843016336,0.000429661062061,2
1209,volv,38,0.00137722310728,0.00178174950192,0
1210,delant,88,0.00791737715195,0.0163703254525,0
1211,sepulcr,3,0.000456857169019,0.000462614417854,8
1212,vengador,1,0.000180307925498,0.0,7
1213,olvid,1,0.000180307925498,0.0,1
1214,levant,28,0.00101472889549,0.00199469464594,0
1215,alrededor,12,0.00155610018098,0.000667028422043,3
1216,ministeri,3,0.000279484050348,7.55882371481e-06,3
1217,zin,1,0.000322274796883,0.0,3
1218,limpiez,1,0.000180307925498,0.0,10
1219,projim,3,0.000485798872924,0.000477951271154,15
1220,isac,2,0.000397004981103,0.0,8
1221,expiacion,12,0.000932503412536,0.00074895465067,13
1222,traig,2,0.000197824816088,5.25751545404e-07,1
1223,novent,1,0.000180307925498,0.0,9
1224,signific,1,0.000194498194575,0.0,1
1225,alhaj,1,0.000180307925498,0.0,5
1226,promet,1,0.000281238767321,0.0,1
1227,sabr,1,0.000180307925498,0.0,1
1228,testimoni,15,0.00147283884993,0.000713184476211,1
1229,sabi,6,0.000435709225369,0.000175888869566,15
1230,mesac,2,0.000333645988036,4.22478920414e-07,44
1231,sofon,1,0.000243077189925,0.0,0
1232,quebr,1,0.000180307925498,0.0,10
1233,preci,2,0.00041451416023,0.0,5
1234,zebede,1,0.000353968744135,0.0,8
1235,tal,8,0.000210975538006,2.65284619099e-05,1
1236,tan,4,0.000180307925498,0.0,7
1237,jehu,1,0.000180307925498,0.0,8
1238,esper,4,0.000303216187809,0.0,1
1239,andes,1,0.000180307925498,0.0,1
1240,encin,1,0.000257713069261,0.0,5
1241,cuan,1,0.000180307925498,0.0,1
1242,animal,4,0.000262048406732,0.000652152881009,7
1243,cual,21,0.00153167287644,0.00278439163634,0
1244,extrañ,2,0.000281238767321,0.0,1
1245,sin,39,0.0036942105179,0.00616054776368,1
1246,sil,1,0.000303643246169,0.0,4
1247,entreg,10,0.000625222375397,8.04779388479e-05,10
1248,llev,24,0.00109954819585,0.000981297655952,13
1249,cuarent,13,0.000879664099203,0.00133158310119,5
1250,desech,1,0.000281238767321,0.0,1
1251,lleg,18,0.000581430239526,0.001138995252,7
1252,llen,14,0.00126833605872,0.00229252579787,4
1253,liban,2,0.000610941045665,0.0,5
1254,gobern,4,0.000231066768732,6.02987021422e-06,3
1255,salut,1,0.000180307925498,0.0,1
1256,perfect,2,0.000428374387761,5.63436824603e-06,1
1257,aprovech,1,0.000194498194575,0.0,1
1258,lech,3,0.00054875061433,0.000430083540982,7
1259,tembl,2,0.000351143132771,0.0,7
1260,dad,25,0.00193425139019,0.00185959571428,1
1261,nadi,5,0.000233443516234,0.000433735559585,1
1262,ardiend,1,0.000376618278457,0.0,9
1263,cautiveri,1,0.000242575019902,0.0,13
1264,tribus,6,0.000417476710652,0.000213762525658,5
1265,dan,4,0.000397004981103,0.000462753391332,8
1266,tribut,2,0.000242041020779,0.000142277821741,1
1267,dat,1,0.000180307925498,0.0,1
1268,dav,60,0.00384465641447,0.00436765559805,0
1269,dar,29,0.000969364529594,0.00300549341896,1
1270,alcanz,1,0.000180307925498,0.0,1
1271,raquel,1,0.000180307925498,0.0,8
1272,venganz,2,0.00024987820262,1.47580839252e-06,7
1273,traj,1,0.000180307925498,0.0,15
1274,diras,4,0.000293443830721,4.10868280921e-07,0
1275,tras,2,0.000256976956767,3.53313618735e-05,1
1276,sion,4,0.000541668317308,4.47626475201e-07,6
1277,sehon,1,0.000180307925498,0.0,2
1278,sient,1,0.000180307925498,0.0,0
1279,rey,170,0.0166287141828,0.0383835934804,2
1280,semej,5,0.000492301788079,0.000120809568538,7
1281,juzg,11,0.000480653443979,6.47012255176e-05,1
1282,oriental,2,0.000381296967335,0.0,3
1283,hambr,6,0.000746956964675,0.00121324329265,10
1284,mostr,3,0.000299476235064,0.0004283936253,1
1285,templ,9,0.000693736231379,0.000567494524965,1
1286,gerson,2,0.000353968744135,0.0,8
1287,escogier,2,0.000400407076886,0.0,1
1288,alzand,1,0.000180307925498,0.0,9
1289,etern,3,0.00056775988591,2.37948156437e-06,1
1290,conozc,3,0.000211548814855,2.9925590196e-07,1
1291,lod,1,0.000180307925498,0.0,7
1292,baj,4,0.000180307925498,0.0,10
1293,aren,1,0.000180307925498,0.0,3
1294,frent,3,0.000469065966463,0.000429661062061,3
1295,trabaj,5,0.000373026172354,6.50720001795e-05,10
1296,sustent,1,0.000180307925498,0.0,3
1297,seol,2,0.000284442944598,0.0,9
1298,vendran,1,0.000180307925498,0.0,5
1299,cuent,4,0.000305107324043,2.2155836764e-05,7
1300,saci,3,0.000403655043631,3.44250009886e-06,3
1301,jesus,48,0.00280612699842,0.00598499029187,0
1302,bautiz,4,0.000260554292591,2.21428581076e-05,1
1303,resplandec,1,0.000180307925498,0.0,10
1304,setecient,1,0.000269034915614,0.0,5
1305,postrer,4,0.000402550681159,2.96268859034e-05,4
1306,acepcion,2,0.000255684208151,8.57978585684e-06,7
1307,manzan,2,0.000180307925498,0.0,5
1308,pront,1,0.000218642441133,0.0,7
1309,cuand,2,0.000333645988036,0.000463036896774,7
1310,termin,1,0.000180307925498,0.0,7
1311,llanur,1,0.000292331736869,0.0,7
1312,final,2,0.000410315019305,0.0,1
1313,descendient,1,0.000180307925498,0.0,34
1314,escuch,4,0.000299476235064,0.0,0
1315,orill,3,0.000180307925498,0.0,3
1316,nun,1,0.000353968744135,0.0,8
1317,ben,1,0.000180307925498,0.0,8
1318,beb,11,0.00131233701707,0.000813616793487,1
1319,sec,2,0.000351143132771,8.77679351498e-05,3
1320,saqu,3,0.000364942862554,9.22383109521e-06,4
1321,torrent,1,0.000180307925498,0.0,51
1322,jonatan,4,0.000541371932345,0.0,0
1323,hembr,2,0.000398872608069,0.0,5
1324,tabl,7,0.000418146044667,0.000200382676465,5
1325,egipt,18,0.00169472219356,0.00110398952496,0
1326,¿es,1,0.000180307925498,0.0,43
1327,absalon,2,0.000364385835343,0.0,8
1328,mil,34,0.0015599996639,0.00671463847957,5
1329,trompet,2,0.000457164105066,0.0,10
1330,bocin,2,0.000457164105066,0.0,10
1331,mic,3,0.00054940591567,0.0,15
1332,cumbr,2,0.00023755132487,0.0,6
1333,pectoral,1,0.000251607672396,0.0,9
1334,mir,22,0.000579607305697,0.00132076516057,9
1335,divers,1,0.000180307925498,0.0,39
1336,lugar,5,0.000498163210718,0.000435155751704,7
1337,aparec,3,0.000398823387964,8.1687391423e-06,1
1338,repudi,1,0.000180307925498,0.0,15
1339,vist,8,0.000535066645208,0.000542096248854,9
1340,multitud,6,0.000661148659499,7.31784232565e-05,7
1341,tall,1,0.000256976956767,0.0,8
1342,altos,2,0.000392404223875,0.000461769460013,7
1343,herman,49,0.00601897378239,0.00611163292862,8
1344,fier,1,0.000180307925498,0.0,7
1345,uri,4,0.000416738008562,0.000326819309712,7
1346,hazael,1,0.000180307925498,0.0,2
1347,fiel,1,0.000251739638407,0.0,0
1348,apacent,1,0.000180307925498,0.0,5
1349,encontr,1,0.000246747618486,0.0,0
1350,proposicion,1,0.000314966886823,0.0,3
1351,niet,1,0.000353968744135,0.0,8
1352,principal,4,0.000549854280966,0.00125286891832,2
1353,rasg,1,0.000180307925498,0.0,5
1354,tarsis,1,0.000333645988036,0.0,50
1355,ahitob,1,0.000353968744135,0.0,8
1356,fuer,3,0.000211107148441,1.3749478846e-06,15
1357,echad,1,0.000299476235064,0.0,1
1358,prolong,1,0.000180307925498,0.0,5
1359,envi,39,0.00185867006346,0.00254271826669,0
1360,fueg,20,0.00161481560312,0.00284195034285,9
1361,encant,1,0.000180307925498,0.0,15
1362,echar,2,0.000180307925498,0.0,7
1363,perdon,8,0.000882696006767,8.3976362379e-05,13
1364,jab,1,0.000180307925498,0.0,2
1365,¡quien,1,0.000180307925498,0.0,1
1366,encend,8,0.000585215267726,0.000767421738878,4
1367,cuern,3,0.00021314068424,1.15134494211e-05,5
1368,abed-neg,1,0.00046410939706,0.0,44
1369,autor,1,0.000251275272268,0.0,1
1370,cubr,9,0.00096581260021,0.00146800390787,5
1371,cuerp,8,0.000539420741616,0.000737055263202,10
1372,becerr,8,0.000646963054617,0.000342011399387,5
1373,aceit,8,0.000649613056053,0.00183034065239,13
1374,vien,6,0.000599513561727,0.0009056385239,1
1375,grat,2,0.000541499726662,0.000462191938933,13
1376,harin,2,0.000480436116116,0.000892405473429,2
1377,harim,1,0.000353968744135,0.0,8
1378,integr,1,0.000180307925498,0.0,15
1379,gran,24,0.00115021113281,0.00359488736164,7
1380,vier,1,0.000211107148441,0.0,1
1381,grad,1,0.00021314068424,0.0,5
1382,conform,34,0.00129980913217,0.00275866679048,1
1383,iglesi,5,0.00171189975278,5.51142010731e-05,0
1384,amiud,1,0.000353968744135,0.0,8
1385,extend,6,0.000681307488034,0.00107079908417,10
1386,luz,11,0.00104968342567,0.0017961591857,1
1387,mied,1,0.000208161548987,0.0,15
1388,efrain,5,0.000760868176149,1.47867622145e-06,8
1389,numer,6,0.000316733538093,8.05842449985e-05,1
1390,lug,31,0.00209535673961,0.00260669294229,1
1391,limit,1,0.000288772809277,0.0,3
1392,lun,4,0.000409845970257,0.000434555288939,9
1393,jos,14,0.00134369895683,0.000128902854798,0
1394,jov,1,0.000348325876427,0.0,8
1395,joa,1,0.000180307925498,0.0,8
1396,job,6,0.000913927140768,0.0,0
1397,joi,3,0.000416738008562,0.0,8
1398,chacal,1,0.000377592597657,0.0,1
1399,bronc,8,0.00220689926861,0.000860589560884,5
1400,ciert,9,0.000465352685313,0.00128935023514,1
1401,resucit,4,0.000764176239057,9.19098749411e-07,10
1402,costumbr,2,0.000316733538093,0.0,1
1403,vend,1,0.000180307925498,0.0,27
1404,veng,2,0.00024086815201,0.0,0
1405,venc,1,0.000180307925498,0.0,1
1406,arrib,6,0.000775799483129,0.00048667152039,9
1407,quit,11,0.000837043850851,0.00108769704565,13
1408,quis,2,0.000184047878243,2.9573524429e-07,0
1409,entend,8,0.000693886490106,9.54741320837e-05,0
1410,cens,1,0.000180307925498,0.0,0
1411,errar,1,0.000255684208151,0.0,1
1412,resurreccion,1,0.000180307925498,0.0,10
1413,hubier,5,0.000430785068463,2.15695418645e-06,1
1414,cient,6,0.000546615749904,0.000592526742135,5
1415,catorc,3,0.000314623994541,1.11099288259e-05,5
1416,encuentr,1,0.000246747618486,0.0,0
1417,señor,57,0.00561723425159,0.00549616035744,0
1418,canane,5,0.000573327759301,0.000481216096036,7
1419,ador,7,0.000348334674337,0.000534565086484,10
1420,present,3,0.000197824816088,5.59553803752e-06,0
1421,noven,1,0.000550163153831,0.0,7
1422,abiram,1,0.000333645988036,0.0,21
1423,miembr,1,0.000180307925498,0.0,10
1424,querubin,2,0.00025114038428,0.000429661062061,5
1425,escog,5,0.000381216716297,5.27062416839e-06,15
1426,va,1,0.000180307925498,0.0,0
1427,ve,3,0.000218642441133,1.04739565686e-06,15
1428,adulteri,1,0.000342735913627,0.0,13
1429,prosper,2,0.000299476235064,0.0,1
1430,despues,28,0.000990696254314,0.00410817850035,0
1431,sedequ,3,0.000391345139098,0.0,2
1432,virg,1,0.000180307925498,0.0,8
1433,circuncid,1,0.000180307925498,0.0,15
1434,campament,6,0.000518966546261,0.000476863193015,2
1435,desiert,14,0.00100142011402,0.00166768635608,3
1436,estrad,2,0.000488897349462,2.77221938068e-06,10
1437,juan,6,0.00121599882993,0.000921250729108,0
1438,cinc,20,0.00118556814399,0.00484722650503,5
1439,asuer,1,0.000391345139098,0.0,2
1440,cint,1,0.000180307925498,0.0,33
1441,cerradur,1,0.000282541252465,0.0,3
1442,¡ay,4,0.000184047878243,7.86280212993e-07,0
1443,seiscient,3,0.000269034915614,9.65218325055e-05,5
1444,siempr,14,0.0022114206803,0.0010041000777,0
1445,pecador,2,0.00041538646927,0.0,15
1446,¡ah,1,0.000180307925498,0.0,0
1447,elisam,1,0.000180307925498,0.0,8
1448,estrell,2,0.000354747087202,5.82199572637e-05,9
1449,sopl,1,0.000180307925498,0.0,7
1450,baruc,1,0.000180307925498,0.0,8
1451,centen,2,0.000291470453743,0.0,6
1452,bander,2,0.000225693649001,2.11807706934e-06,2
1453,abaj,2,0.000400684293582,3.25442479808e-05,9
1454,cuch,1,0.000180307925498,0.0,5
1455,niñ,5,0.000427810352511,9.05913038856e-06,7
1456,nadab,1,0.000180307925498,0.0,8
1457,ada,1,0.000353968744135,0.0,8
1458,jarr,2,0.000293904566086,0.0,5
1459,cruj,2,0.000288493212935,0.000430083540982,36
1460,imer,1,0.000353968744135,0.0,8
1461,¿de,2,0.000180307925498,0.0,1
1462,piez,1,0.000180307925498,0.0,5
1463,durez,1,0.000180307925498,0.0,15
1464,pies,9,0.00122355086661,0.000430506019902,10
1465,prest,1,0.00024987820262,0.0,7
1466,crist,15,0.00106392483477,0.000875248542388,10
1467,accion,1,0.000180307925498,0.0,1
1468,santuari,6,0.000530832873324,0.00065637729933,1
1469,tejon,1,0.000290299184022,0.0,10
1470,tram,1,0.000333645988036,0.0,42
1471,martill,1,0.000330293021435,0.0,7
1472,oliv,1,0.000248839189106,0.0,6
1473,pezuñ,1,0.000180307925498,0.0,41
1474,contig,8,0.00108246558297,0.0,0
1475,inocent,1,0.000403620067317,0.0,7
1476,misteri,1,0.000333645988036,0.0,26
1477,nabot,1,0.000180307925498,0.0,49
1478,pues,84,0.00228769873501,0.00861313121937,0
1479,dondequ,1,0.000180307925498,0.0,7
1480,oyer,1,0.000211107148441,0.0,1
1481,estim,1,0.000235537046921,0.0,1
1482,pued,13,0.000508010783107,0.000373883698987,1
1483,refugi,3,0.000440852530358,3.59955471599e-05,7
1484,alumbr,1,0.000290905285714,0.0,13
1485,vivient,4,0.000532320341686,2.3318322354e-05,0
1486,column,7,0.000876331462233,0.00140332223569,5
1487,daras,1,0.000180307925498,0.0,1
1488,¿quien,6,0.000180307925498,0.0,1
1489,revist,1,0.000254387029597,0.0,0
1490,espiritual,1,0.000256976956767,0.0,1
1491,amargur,1,0.000180307925498,0.0,3
1492,lejan,2,0.000351143132771,0.0,7
1493,desenvain,1,0.000180307925498,0.0,10
1494,jubile,1,0.000306309743805,0.0,4
1495,cienci,1,0.000279051606008,0.0,7
1496,canaan,1,0.000351143132771,0.0,7
1497,guard,21,0.000719046983676,0.00133511999096,1
1498,parezc,1,0.0002922067625,0.0,1
1499,siquem,1,0.000180307925498,0.0,8
1500,vestidur,3,0.000285591613912,0.000429238583141,3
1501,vac,7,0.000851686852763,0.00156069939081,5
1502,vay,2,0.000281238767321,0.0,1
1503,enfermed,1,0.000292331736869,0.0,7
1504,var,4,0.000376945262902,0.000492296228263,10
1505,vas,2,0.000432029138628,5.24325256896e-05,1
1506,mañan,12,0.0011632000687,0.00101080544255,0
1507,demas,2,0.000180307925498,0.0,8
1508,cedron,1,0.000333645988036,0.0,51
1509,derram,9,0.000473003321586,0.000301718734637,7
1510,senaquerib,1,0.000180307925498,0.0,2
1511,seis,8,0.000302432512861,4.23737198607e-05,5
1512,seir,1,0.000248839189106,0.0,6
1513,recorr,2,0.000180307925498,0.0,7
1514,levit,9,0.000933625742633,0.000103040617517,8
1515,madr,11,0.00171968819989,0.000635700895435,8
1516,puert,34,0.00180272470252,0.0046860038051,3
1517,glori,17,0.001354038493,0.00142074004175,15
1518,primor,1,0.000279484050348,0.0,1
1519,riquez,2,0.000292331736869,0.0,15
1520,merari,3,0.000910994200467,0.000945803938615,8
1521,durm,1,0.000266055650367,0.0,15
1522,utensili,4,0.000384784346577,4.98228831232e-05,5
1523,pid,2,0.000457091275434,0.0,0
1524,pie,9,0.000647850704311,0.000658124538708,3
1525,añad,2,0.000259584524221,7.04071149548e-06,1
1526,menester,2,0.000410315019305,0.0,19
1527,dracm,1,0.000269034915614,0.0,5
1528,mientr,4,0.000206841430096,0.000431554328236,1
1529,sicl,12,0.000604658300547,0.00113249195048,5
1530,balac,2,0.000364385835343,0.0,8
1531,botin,1,0.00024987820262,0.0,7
1532,rebelion,3,0.000292331736869,6.9488476131e-06,13
1533,ocoz,3,0.000276052892452,1.26138662721e-05,2
1534,escap,2,0.000180307925498,0.0,10
1535,junt,25,0.00178525215924,0.0048984955688,3
1536,omnipotent,1,0.000281238767321,0.0,1
1537,gan,2,0.000423539021257,0.0,7
1538,pilat,2,0.000191023545684,0.0,0
1539,podr,8,0.00057799563891,0.000134263328118,1
